{
  "0": {
    "precision": 0.9713701431492843,
    "recall": 0.9693877551020408,
    "f1-score": 0.9703779366700716,
    "support": 980.0
  },
  "1": {
    "precision": 0.9821428571428571,
    "recall": 0.9691629955947136,
    "f1-score": 0.975609756097561,
    "support": 1135.0
  },
  "2": {
    "precision": 0.9270935960591133,
    "recall": 0.9118217054263565,
    "f1-score": 0.9193942354665364,
    "support": 1032.0
  },
  "3": {
    "precision": 0.8663716814159292,
    "recall": 0.9693069306930693,
    "f1-score": 0.9149532710280374,
    "support": 1010.0
  },
  "4": {
    "precision": 0.9508700102354145,
    "recall": 0.9460285132382892,
    "f1-score": 0.9484430832057172,
    "support": 982.0
  },
  "5": {
    "precision": 0.9880952380952381,
    "recall": 0.8374439461883408,
    "f1-score": 0.9065533980582524,
    "support": 892.0
  },
  "6": {
    "precision": 0.9639448568398727,
    "recall": 0.9488517745302714,
    "f1-score": 0.9563387690689111,
    "support": 958.0
  },
  "7": {
    "precision": 0.9604578563995838,
    "recall": 0.8978599221789884,
    "f1-score": 0.9281045751633987,
    "support": 1028.0
  },
  "8": {
    "precision": 0.8703703703703703,
    "recall": 0.9168377823408624,
    "f1-score": 0.893,
    "support": 974.0
  },
  "9": {
    "precision": 0.8692870201096892,
    "recall": 0.9425173439048563,
    "f1-score": 0.9044222539229672,
    "support": 1009.0
  },
  "accuracy": 0.9322,
  "macro avg": {
    "precision": 0.9350003629817353,
    "recall": 0.930921866919779,
    "f1-score": 0.9317197278681453,
    "support": 10000.0
  },
  "weighted avg": {
    "precision": 0.934926736820145,
    "recall": 0.9322,
    "f1-score": 0.9323829942867425,
    "support": 10000.0
  }
}