{
  "0": {
    "precision": 0.9805128205128205,
    "recall": 0.9755102040816327,
    "f1-score": 0.978005115089514,
    "support": 980.0
  },
  "1": {
    "precision": 0.978108581436077,
    "recall": 0.9841409691629956,
    "f1-score": 0.9811155028546333,
    "support": 1135.0
  },
  "2": {
    "precision": 0.9250693802035153,
    "recall": 0.9689922480620154,
    "f1-score": 0.9465215333648841,
    "support": 1032.0
  },
  "3": {
    "precision": 0.9695431472081218,
    "recall": 0.9455445544554455,
    "f1-score": 0.9573934837092731,
    "support": 1010.0
  },
  "4": {
    "precision": 0.9772492244053774,
    "recall": 0.9623217922606925,
    "f1-score": 0.9697280656747049,
    "support": 982.0
  },
  "5": {
    "precision": 0.9489130434782609,
    "recall": 0.9786995515695067,
    "f1-score": 0.9635761589403974,
    "support": 892.0
  },
  "6": {
    "precision": 0.9520897043832823,
    "recall": 0.9749478079331941,
    "f1-score": 0.963383187209902,
    "support": 958.0
  },
  "7": {
    "precision": 0.9615384615384616,
    "recall": 0.9241245136186771,
    "f1-score": 0.9424603174603174,
    "support": 1028.0
  },
  "8": {
    "precision": 0.9529914529914529,
    "recall": 0.9158110882956879,
    "f1-score": 0.9340314136125655,
    "support": 974.0
  },
  "9": {
    "precision": 0.9346341463414635,
    "recall": 0.9494549058473737,
    "f1-score": 0.9419862340216323,
    "support": 1009.0
  },
  "accuracy": 0.958,
  "macro avg": {
    "precision": 0.9580649962498834,
    "recall": 0.9579547635287222,
    "f1-score": 0.9578201011937824,
    "support": 10000.0
  },
  "weighted avg": {
    "precision": 0.9582878160364368,
    "recall": 0.958,
    "f1-score": 0.9579552650456812,
    "support": 10000.0
  }
}