{
    "train_accuracy": 0.8193229166666667,
    "train_loss": 0.5762885596603156,
    "training_batches": 300
}